{
  "train_loss_per_epoch": [
    4.030668921724579,
    4.0136200316558925,
    3.8737271586818807,
    3.3537995131058103,
    2.839096831146782,
    2.4622048019657474,
    2.192869784563956,
    1.9956375279370144,
    1.8368439462763317,
    1.7130763731764618,
    1.6253688800969772,
    1.5554493556361226,
    1.5005141219796514,
    1.4437197734265639,
    1.407801544172524,
    1.3702404340343362,
    1.3358948683950322,
    1.3122477088806896,
    1.2967310965766567,
    1.2688978534831097,
    1.2652844294641146,
    1.2518707311012336,
    1.2360282005995689,
    1.2282214707876804,
    1.2258817659327264
  ],
  "val_loss_per_epoch": [
    3.7087308452242898,
    3.622658309482393,
    3.0258827095939997,
    2.162213001932417,
    1.6761503673735119,
    1.3876057721319652,
    1.1920360525449116,
    1.0530275063855308,
    0.9650469762938363,
    0.8821264547961098,
    0.8365935583909353,
    0.8057493269443512,
    0.7711857457955679,
    0.7575872937838236,
    0.727929908604849,
    0.7125575726940518,
    0.7064878372918992,
    0.694778581460317,
    0.6845848446800595,
    0.6785200564634233,
    0.6818676974092212,
    0.672819679691678,
    0.665075591632298,
    0.6706495526291075,
    0.6635046941893441
  ],
  "val_macro_f1_per_epoch": [
    0.008150858114329768,
    0.09065364069777461,
    0.27411338093622784,
    0.39304321399982806,
    0.5412782343136895,
    0.5986110549924264,
    0.6063044795734259,
    0.6316185298257305,
    0.6897826991220645,
    0.679983217254689,
    0.7086084192998048,
    0.7208523407072371,
    0.6840465294549005,
    0.721335454653909,
    0.7456587553645686,
    0.7376074670581356,
    0.7157687068275651,
    0.7162794791286078,
    0.7366845537846475,
    0.7389483750894597,
    0.7222470154844818,
    0.7156916778020764,
    0.7145068884288319,
    0.7338571690134884,
    0.7329987498935969
  ],
  "val_acc_per_epoch": [
    0.04185351270553064,
    0.2436472346786248,
    0.5171898355754858,
    0.6412556053811659,
    0.7339312406576981,
    0.7608370702541106,
    0.7473841554559043,
    0.7772795216741405,
    0.7892376681614349,
    0.7787742899850523,
    0.7982062780269058,
    0.8056801195814649,
    0.7997010463378177,
    0.804185351270553,
    0.8161434977578476,
    0.8146487294469357,
    0.8191330343796711,
    0.8176382660687593,
    0.820627802690583,
    0.8310911808669657,
    0.820627802690583,
    0.8266068759342302,
    0.828101644245142,
    0.8251121076233184,
    0.8251121076233184
  ]
}