scenario,Low,Medium,High,predicted_risk
No Evidence,0.27178526953125,0.36397341796875005,0.3642413125,High
Payment+Termination Present,0.2286521484375,0.35796035156250006,0.4133875,High
All Core Clauses Present,0.217025,0.359075,0.4239000000000001,High
Risky + No Dispute Clause,0.174625,0.326875,0.4985,High
